cust_id,cust_type,cust_first_or_bus_name,cust_last_name
1254664,Business,Turner Inc,
1254665,Individual,Clemmie,Ashbey
1254666,Business,Sauer LLC,
1254667,Individual,Baird,Ximenez
1254668,Individual,Gusella,Clarette
1254669,Individual,Delmore,Gerty
1254670,Individual,Vick,Becky
1254671,Individual,Jennilee,Amelina
1254672,Individual,Opal,Cornall
1254673,Individual,Jarrod,Ilario
1254674,Individual,Vannie,Florance
1254675,Individual,Martita,Clarita
1254676,Individual,Luigi,Ignatius
1254677,Individual,Dolorita,Far
1254678,Individual,Merline,Joaquin
1254679,Individual,Lanni,Krystalle
1254680,Individual,Barth,Krystyna
1254681,Individual,Honey,Rosaleen
1254682,Individual,Reggis,Thomasin
1254683,Business,Herman Inc,
1254684,Individual,Nan,Tamarah
1254685,Individual,Avictor,Brok
1254686,Business,"Rau, Hodkiewicz and Wiza",
1254687,Individual,Leigha,Lorilyn
1254688,Individual,Jacinta,Ricky
1254689,Individual,Shelba,Les
1254690,Business,"Morissette, Rice and Bashirian",
1254691,Individual,Nappy,Eldredge
1254692,Individual,Gloriana,Lemar
1254693,Individual,Grace,Lodovico
1254694,Individual,Ellen,Carolin
1254695,Individual,Ezra,Datha
1254696,Business,"Koss, Wilderman and Wilkinson",
1254697,Individual,Ana,Shaylah
1254698,Individual,Olia,Hobie
1254699,Individual,Bale,Prudence
1254700,Business,Hammes-Langworth,
1254701,Individual,Ellary,Maggee
1254702,Individual,Louisette,Lurleen
1254703,Individual,Rosie,Rhea
1254704,Individual,Juliet,Olav
1254705,Business,"Roob, Smith and Rippin",
1254706,Individual,Becka,Damian
1254707,Individual,Alverta,Stephanus
1254708,Individual,Shana,Omar
1254709,Business,"Gorczany, Morar and Raynor",
1254710,Individual,Davie,Francoise
1254711,Individual,Melamie,Lindsey
1254712,Business,Wyman-Grimes,
1254713,Individual,Anatol,Webb
1254714,Individual,Lincoln,Germayne
1254715,Individual,Melessa,Libbey
1254716,Individual,Florina,Fin
1254717,Individual,Theobald,Enoch
1254718,Individual,Nerissa,Ralf
1254719,Individual,Hildegarde,Maurie
1254720,Business,Walter and Sons,
1254721,Individual,Rivkah,Robinet
1254722,Individual,Elie,Johann
1254723,Individual,Carleton,Danica
1254724,Individual,Cyrillus,Theda
1254725,Individual,Laird,Henryetta
1254726,Individual,Gavra,Paola
1254727,Individual,Omero,Odilia
1254728,Individual,Karim,Cristal
1254729,Individual,Clarissa,Stephanus
1254730,Individual,Abey,Rici
1254731,Individual,Randall,Axel
1254732,Individual,Lynna,Glendon
1254733,Business,Hilpert and Sons,
1254734,Individual,Jennilee,Jeromy
1254735,Individual,Lilyan,Elbertina
1254736,Individual,Carlita,Hannie
1254737,Individual,Tome,Mimi
1254738,Individual,Mara,Kirk
1254739,Individual,Tedra,Minda
1254740,Business,Emmerich-Cronin,
1254741,Individual,Nikaniki,Dorothea
1254742,Individual,Drusilla,Teodoor
1254743,Individual,Langsdon,Milicent
1254744,Individual,Iain,Staffard
1254745,Individual,Baily,Timothee
1254746,Individual,Alfie,Yancy
1254747,Individual,Verina,Marlene
1254748,Business,Hoeger Inc,
1254749,Individual,Ainslie,Bathsheba
1254750,Individual,Niels,Courtney
1254751,Individual,Myrta,Ronna
1254752,Individual,Otis,Chantal
1254753,Individual,Devina,Noni
1254754,Individual,Cobb,Nataniel
1254755,Individual,Linda,Sherwin
1254756,Individual,Martyn,Rock
1254757,Individual,Cleavland,Hugh
1254758,Individual,Meyer,Hyacinth
1254759,Individual,Traci,Elinor
1254760,Individual,Janos,Colette
1254761,Individual,Bryce,Silvan
1254762,Individual,Waylin,Maudie
1254763,Individual,Helena,Edgardo
1254764,Individual,Ranice,Harbert
1254765,Individual,Ashien,De witt
1254766,Individual,Prudence,Magdalene
1254767,Individual,Martin,Neal
1254768,Business,Hickle-Zulauf,
1254769,Business,Gottlieb Group,
1254770,Business,Altenwerth Inc,
1254771,Individual,Aryn,Jasun
1254772,Business,"Borer, Corkery and Dooley",
1254773,Business,Mueller Inc,
1254774,Individual,Lorin,Lyssa
1254775,Individual,Linc,Catha
1254776,Individual,Ilyssa,Bridie
1254777,Individual,Andris,Jeni
1254778,Individual,Eric,Teddie
1254779,Individual,Erika,Alix
1254780,Individual,Raphael,Isis
1254781,Business,Skiles-Rolfson,
1254782,Individual,Doralia,Eulalie
1254783,Individual,Dorolice,Hatty
1254784,Business,"VonRueden, Hermann and Cruickshank",
1254785,Individual,Randene,Lauri
1254786,Individual,Lori,Gary
1254787,Individual,Hilary,Dylan
